{
  "x": 0.010299999999999998,
  "y": 0.0025000000000000005
}
